"","RFE.V","Filename"
"1","V3","../results/A-ascend//model-1-lambda-1/filter-11-step-30-pwm.csv"
"2","V6","../results/A-ascend//model-1-lambda-1/filter-14-step-30-pwm.csv"
"3","V8","../results/A-ascend//model-1-lambda-1/filter-16-step-30-pwm.csv"
"4","V21","../results/A-ascend//model-1-lambda-1/filter-28-step-30-pwm.csv"
"5","V23","../results/A-ascend//model-1-lambda-1/filter-3-step-30-pwm.csv"
"6","V24","../results/A-ascend//model-1-lambda-1/filter-30-step-30-pwm.csv"
"7","V36","../results/A-ascend//model-2-lambda-1/filter-12-step-30-pwm.csv"
"8","V37","../results/A-ascend//model-2-lambda-1/filter-13-step-30-pwm.csv"
"9","V54","../results/A-ascend//model-2-lambda-1/filter-29-step-30-pwm.csv"
"10","V58","../results/A-ascend//model-2-lambda-1/filter-32-step-30-pwm.csv"
"11","V61","../results/A-ascend//model-2-lambda-1/filter-6-step-30-pwm.csv"
"12","V63","../results/A-ascend//model-2-lambda-1/filter-8-step-30-pwm.csv"
"13","V66","../results/A-ascend//model-3-lambda-1/filter-10-step-30-pwm.csv"
"14","V85","../results/A-ascend//model-3-lambda-1/filter-28-step-30-pwm.csv"
"15","V91","../results/A-ascend//model-3-lambda-1/filter-4-step-30-pwm.csv"
"16","V93","../results/A-ascend//model-3-lambda-1/filter-6-step-30-pwm.csv"
"17","V96","../results/A-ascend//model-3-lambda-1/filter-9-step-30-pwm.csv"
"18","V98","../results/A-ascend//model-4-lambda-1/filter-10-step-30-pwm.csv"
"19","V102","../results/A-ascend//model-4-lambda-1/filter-14-step-30-pwm.csv"
"20","V103","../results/A-ascend//model-4-lambda-1/filter-15-step-30-pwm.csv"
"21","V108","../results/A-ascend//model-4-lambda-1/filter-2-step-30-pwm.csv"
"22","V123","../results/A-ascend//model-4-lambda-1/filter-4-step-30-pwm.csv"
"23","V128","../results/A-ascend//model-4-lambda-1/filter-9-step-30-pwm.csv"
"24","V131","../results/A-ascend//model-5-lambda-1/filter-11-step-30-pwm.csv"
"25","V138","../results/A-ascend//model-5-lambda-1/filter-18-step-30-pwm.csv"
"26","V140","../results/A-ascend//model-5-lambda-1/filter-2-step-30-pwm.csv"
"27","V145","../results/A-ascend//model-5-lambda-1/filter-24-step-30-pwm.csv"
"28","V148","../results/A-ascend//model-5-lambda-1/filter-27-step-30-pwm.csv"
"29","V156","../results/A-ascend//model-5-lambda-1/filter-5-step-30-pwm.csv"
"30","V158","../results/A-ascend//model-5-lambda-1/filter-7-step-30-pwm.csv"
